station_id,voltage_pu_mean,voltage_pu_median,voltage_pu_std,current_pu_mean,current_pu_median,current_pu_std,real_power_mw_mean,real_power_mw_median,real_power_mw_std,reactive_power_mvar_mean,reactive_power_mvar_median,reactive_power_mvar_std,power_factor_mean,power_factor_median,power_factor_std
SUB_001,0.9985864034838187,0.9994406117102604,0.02479029063659582,102.83729216358815,104.7049441637779,15.057739573534516,102.76083673876967,104.81537110815508,14.869980133406376,56.31745257319043,55.58798332270205,14.790068787882001,0.8753705153168736,0.8757810160364957,0.043163958762130944
SUB_002,1.000316710876,1.0004000264430184,0.019973661155320864,154.54298014419174,157.19308187229507,22.72526488587223,154.53956020039288,157.40908154413367,22.574236603828197,85.00782262587927,84.12731749696376,22.54667960607916,0.8598203797753935,0.858940595754171,0.05313866760158854
SUB_003,1.0003336112060988,1.000226949539516,0.01993848692607714,77.16068818766153,78.51054780709141,11.345743099321583,77.15812698951814,78.53530642608689,11.25640036408625,42.691526259357275,42.11280834449165,11.352700295943082,0.8734854306922882,0.8723915255890454,0.043542526697203175
