station_id,voltage_rms_pu,current_rms_pu,avg_real_power_mw,avg_reactive_power_mvar,existing_power_factor,existing_phase_angle_deg,target_power_factor,target_phase_angle_deg,required_reactive_correction_mvar,required_capacitor_bank_kvar,expected_power_factor
SUB_001,0.9988939995275783,103.93359417202275,102.76083673876968,56.31745257319043,0.876939253814594,28.72467684882617,0.95,18.194872338766785,22.541598902276668,22541.59890227667,0.95
SUB_002,1.0005160555334447,156.2045182383042,154.53956020039288,85.00782262587929,0.8761894177348619,28.8139431189197,0.95,18.194872338766785,34.21312556667809,34213.125566678085,0.95
SUB_003,1.0005322510919445,77.99017926545883,77.15812698951815,42.69152625935727,0.874994137237853,28.955718220133836,0.95,18.194872338766785,17.330876332530398,17330.8763325304,0.95
