station_id,avg_power_factor,min_power_factor,low_power_factor_pct,very_low_power_factor_pct,avg_voltage_deviation,voltage_std,avg_apparent_power_mva,peak_demand_mw,avg_demand_mw,avg_reactive_power_mvar,load_factor,kvar_to_kw_ratio
SUB_001,0.8753705153168736,0.8000340557327383,66.85845799769851,0.0,0.01699075167482769,0.02479029063659582,117.67619944527102,136.6857426376931,102.76083673876967,56.31745257319043,0.7518036245459288,0.5480439276332104
SUB_002,0.8598203797753935,0.7205771418291663,73.07249712313003,9.551208285385501,0.015947829041322956,0.019973661155320864,177.11119829407414,206.68326296825984,154.53956020039288,85.00782262587927,0.7477120207073825,0.5500715966555673
SUB_003,0.8734854306922882,0.8000146354342891,68.35443037974683,0.0,0.01604860684220955,0.01993848692607714,88.56103592462364,105.7649431754451,77.15812698951814,42.691526259357275,0.7295245917309918,0.5532991523388959
