station_id,voltage_within_pct,power_factor_within_pct,current_within_pct,voltage_min_observed,voltage_max_observed,current_max_observed,power_factor_min_observed
SUB_001,98.15880322209436,33.14154200230149,88.17031070195627,0.7649399383813555,1.0770546298130943,138.05345510743035,0.8000340557327383
SUB_002,99.07940161104717,26.927502876869962,8.5385500575374,0.9334099240498376,1.0895816850205151,209.52636127676325,0.7205771418291663
SUB_003,98.80322209436133,31.645569620253166,100.0,0.9312787522066396,1.0701174280708985,104.31737456839724,0.8000146354342891
